{
  "seed": 1,
  "epochs": 30,
  "params_M": 0.711685,
  "coeffs": {
    "div": 1.0,
    "phylo": 1.0,
    "tvar": 1.0,
    "std": 10.0,
    "cov": 25.0,
    "idm": 1.0,
    "sim_t": 0.0
  },
  "condition": "div+phylo+tvar",
  "metrics": {
    "pred": 0.03912159636616707,
    "ident": 0.04292801417410374,
    "div": 0.26424861311912534,
    "phylo": 0.6468318271636962,
    "tvar": 0.027606329172849654,
    "skill_vs_identity": 1.0972970983164816,
    "effrank": 4.597400665283203,
    "age_r2": 0.5755146741867065,
    "t1d_auroc": 0.7731958762886597
  }
}