{
  "seed": 1000,
  "epochs": 30,
  "params_M": 0.711685,
  "coeffs": {
    "div": 1.0,
    "phylo": 1.0,
    "tvar": 1.0,
    "std": 10.0,
    "cov": 25.0,
    "idm": 1.0,
    "sim_t": 0.0
  },
  "condition": "div+phylo+tvar",
  "metrics": {
    "pred": 0.0003201521519856813,
    "ident": 0.00022749005025567335,
    "div": 0.5367282022227038,
    "phylo": 0.5954979913191752,
    "tvar": 0.00013737264902096007,
    "skill_vs_identity": 0.7105685494997009,
    "effrank": 4.000820636749268,
    "age_r2": 0.3409970998764038
  }
}