{
  "oracle": {
    "success_rate": 1.0,
    "mean_final_dist": 0.7770651187155693,
    "mean_start_dist": 6.638573648638321,
    "tol": 0.9957860399240593,
    "n_pairs": 6
  },
  "latent_alignment": {
    "pearson": -0.0023186795492292356,
    "spearman": 0.024713693407284267,
    "n_points": 120
  },
  "rollout_accuracy": {
    "norm_div_t1": 0.022510135546326637,
    "norm_div_tH": 0.01955125294625759,
    "norm_div_mean": 0.019298771396279335,
    "horizon": 20
  },
  "learned_mppi_success_rate": 0.0,
  "learned_mppi_note": "from job 74718: mppi 0% success, final_dist 4.88 (>= random 4.58)"
}