{
  "seed": 1000,
  "epochs": 50,
  "params_M": 0.711685,
  "coeffs": {
    "div": 1.0,
    "phylo": 1.0,
    "tvar": 1.0,
    "std": 10.0,
    "cov": 25.0,
    "idm": 1.0,
    "sim_t": 0.0
  },
  "condition": "div+phylo+tvar",
  "metrics": {
    "pred": 0.0004483388352988137,
    "ident": 0.00037348006253113954,
    "div": 0.521455445536622,
    "phylo": 0.5419880871300224,
    "tvar": 0.00022182480559520726,
    "skill_vs_identity": 0.8330308086789281,
    "effrank": 3.742818832397461,
    "age_r2": 0.2899206280708313
  }
}