{
  "seed": 1000,
  "epochs": 50,
  "params_M": 0.727941,
  "coeffs": {
    "div": 1.0,
    "phylo": 1.0,
    "tvar": 1.0,
    "std": 10.0,
    "cov": 25.0,
    "idm": 1.0,
    "sim_t": 0.0
  },
  "condition": "div+phylo+tvar",
  "metrics": {
    "pred": 0.0015899579235780482,
    "ident": 0.0018479944466873331,
    "div": 0.30177997656770655,
    "phylo": 0.5118143853840528,
    "tvar": 0.001193941038034789,
    "skill_vs_identity": 1.162291416195844,
    "effrank": 1.9855207204818726,
    "age_r2": 0.3002942204475403
  }
}