{
  "seed": 10000,
  "epochs": 30,
  "params_M": 0.711685,
  "coeffs": {
    "div": 1.0,
    "phylo": 1.0,
    "tvar": 1.0,
    "std": 10.0,
    "cov": 25.0,
    "idm": 1.0,
    "sim_t": 0.0
  },
  "condition": "div+phylo+tvar",
  "metrics": {
    "pred": 0.0001465032808482647,
    "ident": 9.874592535197735e-05,
    "div": 0.5117115962505341,
    "phylo": 0.5191972434520722,
    "tvar": 6.712747272104025e-05,
    "skill_vs_identity": 0.6740185255936333,
    "effrank": 4.519311428070068,
    "age_r2": 0.2543211579322815
  }
}