{
  "seed": 1,
  "epochs": 30,
  "params_M": 0.711685,
  "coeffs": {
    "div": 1.0,
    "phylo": 1.0,
    "tvar": 1.0,
    "std": 10.0,
    "cov": 25.0,
    "idm": 1.0,
    "sim_t": 0.0
  },
  "condition": "div+phylo+tvar",
  "metrics": {
    "pred": 0.00014354032464325428,
    "ident": 0.00014392040262464434,
    "div": 0.44217880368232726,
    "phylo": 0.6536876487731934,
    "tvar": 8.454306327621453e-05,
    "skill_vs_identity": 1.0026478829718037,
    "effrank": 4.561790466308594,
    "age_r2": 0.22288626432418823,
    "t1d_auroc": 0.6872852233676976
  }
}