{
  "seed": 1,
  "epochs": 50,
  "params_M": 0.727941,
  "coeffs": {
    "div": 1.0,
    "phylo": 1.0,
    "tvar": 1.0,
    "std": 10.0,
    "cov": 25.0,
    "idm": 1.0,
    "sim_t": 0.0
  },
  "condition": "div+phylo+tvar",
  "metrics": {
    "pred": 0.0011900862073525786,
    "ident": 0.001291632275097072,
    "div": 0.3161489856243134,
    "phylo": 0.567211720943451,
    "tvar": 0.000795720563037321,
    "skill_vs_identity": 1.085326648705886,
    "effrank": 2.5819103717803955,
    "age_r2": 0.32722586393356323,
    "t1d_auroc": 0.5515463917525774
  }
}