{
  "seed": 1000,
  "epochs": 30,
  "params_M": 0.711685,
  "coeffs": {
    "div": 1.0,
    "phylo": 1.0,
    "tvar": 1.0,
    "std": 10.0,
    "cov": 25.0,
    "idm": 1.0,
    "sim_t": 0.0
  },
  "condition": "div+phylo+tvar",
  "metrics": {
    "pred": 0.04323138246262396,
    "ident": 0.05561147230836722,
    "div": 0.28223685920238495,
    "phylo": 0.5349215188541928,
    "tvar": 0.03402779655749196,
    "skill_vs_identity": 1.2863681228895831,
    "effrank": 4.114865303039551,
    "age_r2": 0.4166269302368164
  }
}