{
  "seed": 1,
  "epochs": 50,
  "params_M": 0.711685,
  "coeffs": {
    "div": 1.0,
    "phylo": 1.0,
    "tvar": 1.0,
    "std": 10.0,
    "cov": 25.0,
    "idm": 1.0,
    "sim_t": 0.0
  },
  "condition": "div+phylo+tvar",
  "metrics": {
    "pred": 0.00015239772736094892,
    "ident": 0.0001691349659813568,
    "div": 0.44261262655258177,
    "phylo": 0.5494394636154175,
    "tvar": 9.610373148461803e-05,
    "skill_vs_identity": 1.1098260381584713,
    "effrank": 4.436803817749023,
    "age_r2": 0.16747617721557617,
    "t1d_auroc": 0.6761168384879725
  }
}