{
  "seed": 10000,
  "epochs": 50,
  "params_M": 0.711685,
  "coeffs": {
    "div": 1.0,
    "phylo": 1.0,
    "tvar": 1.0,
    "std": 10.0,
    "cov": 25.0,
    "idm": 1.0,
    "sim_t": 0.0
  },
  "condition": "div+phylo+tvar",
  "metrics": {
    "pred": 0.00014275626046583056,
    "ident": 0.0001280554523691535,
    "div": 0.5092854154109955,
    "phylo": 0.4779486620426178,
    "tvar": 8.53250693762675e-05,
    "skill_vs_identity": 0.8970216223883521,
    "effrank": 4.756479740142822,
    "age_r2": 0.2563733458518982
  }
}