{
  "seed": 10000,
  "epochs": 50,
  "params_M": 0.727941,
  "coeffs": {
    "div": 1.0,
    "phylo": 1.0,
    "tvar": 1.0,
    "std": 10.0,
    "cov": 25.0,
    "idm": 1.0,
    "sim_t": 0.0
  },
  "condition": "div+phylo+tvar",
  "metrics": {
    "pred": 0.0004835896287113428,
    "ident": 0.0004940540948882699,
    "div": 0.3867778956890106,
    "phylo": 0.44984461784362795,
    "tvar": 0.0003536975581664592,
    "skill_vs_identity": 1.0216391451669726,
    "effrank": 3.326758623123169,
    "age_r2": 0.37523460388183594
  }
}