{
  "encoder": "mlp",
  "seed": 1,
  "genes": 2000,
  "reg": "sigreg",
  "epochs": 70,
  "batch_size": 16384,
  "bf16": true,
  "metrics": {
    "cell_line": {
      "raw": {
        "macro_f1": 0.8866057314833697,
        "acc": 0.9435748449955713
      },
      "pca50": {
        "macro_f1": 0.9292210376822669,
        "acc": 0.9761204605845881
      },
      "random-enc": {
        "macro_f1": 0.7049821986517161,
        "acc": 0.8000212577502215
      },
      "JEPA(ours)": {
        "macro_f1": 0.9147916192169018,
        "acc": 0.9726058458813109
      }
    },
    "drug": {
      "raw": {
        "macro_f1": 0.34428025386274136,
        "acc": 0.3574207263064659
      },
      "pca50": {
        "macro_f1": 0.04262811654876039,
        "acc": 0.06482196634189548
      },
      "random-enc": {
        "macro_f1": 0.02703221366318154,
        "acc": 0.048970770593445526
      },
      "JEPA(ours)": {
        "macro_f1": 0.012449832987094366,
        "acc": 0.03067493356953056
      }
    },
    "moa": {
      "raw": {
        "macro_f1": 0.5213000727188976,
        "acc": 0.4930933444956049
      },
      "pca50": {
        "macro_f1": 0.12841045670572385,
        "acc": 0.22951025533696107
      },
      "random-enc": {
        "macro_f1": 0.06740751958472262,
        "acc": 0.2087693595646714
      },
      "JEPA(ours)": {
        "macro_f1": 0.03579179423880626,
        "acc": 0.19872331519464212
      }
    }
  }
}