{
  "seed": 10000,
  "epochs": 30,
  "params_M": 0.711685,
  "coeffs": {
    "div": 1.0,
    "phylo": 1.0,
    "tvar": 1.0,
    "std": 10.0,
    "cov": 25.0,
    "idm": 1.0,
    "sim_t": 0.0
  },
  "condition": "div+phylo+tvar",
  "metrics": {
    "pred": 0.03649799227714538,
    "ident": 0.03737005442380905,
    "div": 0.3244996452331543,
    "phylo": 0.5577105045318603,
    "tvar": 0.027901441156864167,
    "skill_vs_identity": 1.0238934278916416,
    "effrank": 4.485833168029785,
    "age_r2": 0.4123452305793762
  }
}