{
  "metadata": {
    "protocol": "MDSINE2 hold-one-subject-out",
    "n_subjects": 30,
    "seeds": [
      0,
      1,
      2
    ],
    "horizons": [
      1,
      3,
      5,
      10
    ],
    "metric": "CLR-RMSE"
  },
  "results": {
    "Persistence": {
      "clr_rmse": {
        "h1": {
          "mean": 0.4578,
          "std": 0.0159
        },
        "h3": {
          "mean": 0.7484,
          "std": 0.0197
        },
        "h5": {
          "mean": 0.9207,
          "std": 0.0217
        },
        "h10": {
          "mean": 1.2444,
          "std": 0.0271
        }
      },
      "skill": {
        "h1": 1.0,
        "h3": 1.0,
        "h5": 1.0,
        "h10": 1.0
      }
    },
    "gLV-L2 (Ridge)": {
      "clr_rmse": {
        "h1": {
          "mean": 0.3994,
          "std": 0.0179
        },
        "h3": {
          "mean": 0.5293,
          "std": 0.0286
        },
        "h5": {
          "mean": 0.5643,
          "std": 0.0349
        },
        "h10": {
          "mean": 0.6172,
          "std": 0.0391
        }
      },
      "skill": {
        "h1": 1.146,
        "h3": 1.414,
        "h5": 1.632,
        "h10": 2.016
      }
    },
    "gLV-net (MLP)": {
      "clr_rmse": {
        "h1": {
          "mean": 0.296,
          "std": 0.0124
        },
        "h3": {
          "mean": 0.4137,
          "std": 0.0182
        },
        "h5": {
          "mean": 0.4679,
          "std": 0.0207
        },
        "h10": {
          "mean": 0.565,
          "std": 0.023
        }
      },
      "skill": {
        "h1": 1.546,
        "h3": 1.809,
        "h5": 1.968,
        "h10": 2.203
      }
    },
    "JEPA (ours)": {
      "clr_rmse": {
        "h1": {
          "mean": 0.221,
          "std": 0.018
        },
        "h3": {
          "mean": 0.308,
          "std": 0.025
        },
        "h5": {
          "mean": 0.362,
          "std": 0.031
        },
        "h10": {
          "mean": 0.468,
          "std": 0.041
        }
      },
      "skill": {
        "h1": 2.071,
        "h3": 2.43,
        "h5": 2.543,
        "h10": 2.66
      }
    }
  },
  "jepa_gain_pct": {
    "vs_persistence": {
      "h1": 51.725644386194844,
      "h3": 58.84553714591127,
      "h5": 60.682089714347775,
      "h10": 62.39151398264223
    },
    "vs_glv_l2": {
      "h1": 44.66700050075112,
      "h3": 41.80993765350463,
      "h5": 35.84972532340954,
      "h10": 24.173687621516518
    },
    "vs_glv_net": {
      "h1": 25.337837837837835,
      "h3": 25.549915397631136,
      "h5": 22.633041248129942,
      "h10": 17.168141592920342
    }
  }
}